edges_opened,fuse,messages,n,policy,preserved,relevant_edges,sweep,util
0.0,exact,0.0,2,never,0.6555,1,n,-0.06055000000000093
1.0,exact,1.0,2,always,1.0,1,n,0.2336000000000032
0.7445,exact,0.7445,2,voa,0.9705,1,n,0.2118000000000034
0.346,exact,0.346,2,oracle,0.9955,1,n,0.23467500000000313
0.0,exact,0.0,3,never,0.4655,2,n,-0.03807500000000101
2.0,exact,2.0,3,always,1.0,2,n,0.6826749999999996
1.675,exact,1.675,3,voa,0.97775,2,n,0.6666749999999992
0.656,exact,0.656,3,oracle,0.9305,2,n,0.7211249999999985
0.0,exact,0.0,5,never,0.45475,3,n,-0.08397500000000262
3.0,exact,4.0,5,always,1.0,3,n,0.6962999999999994
1.67925,exact,1.67925,5,voa,0.976,3,n,0.6788999999999987
0.69525,exact,0.69525,5,oracle,0.93525,3,n,0.7173499999999984
0.0,exact,0.0,8,never,0.4575,5,n,-0.0758500000000012
5.0,exact,7.0,8,always,1.0,5,n,0.7176499999999992
1.67875,exact,1.67875,8,voa,0.9515,5,n,0.6815749999999995
0.72175,exact,0.72175,8,oracle,0.93,5,n,0.733199999999999
0.0,exact,0.0,12,never,0.46325,7,n,-0.049375000000001515
7.0,exact,11.0,12,always,1.0,7,n,0.733574999999999
1.67775,exact,1.67775,12,voa,0.939,7,n,0.6660749999999983
0.73725,exact,0.73725,12,oracle,0.94225,7,n,0.7364499999999977
0.0,can,0.0,2,never,0.6555,1,n,-0.06055000000000093
1.0,can,56.0,2,always,0.84825,1,n,0.1575250000000019
0.522,can,29.232,2,voa,0.81875,1,n,0.13572499999999887
0.346,can,19.375999999999998,2,oracle,0.844,1,n,0.15772500000000184
0.0,can,0.0,3,never,0.4655,2,n,-0.03807500000000101
2.0,can,120.0,3,always,0.8095,2,n,0.4850250000000069
0.75525,can,42.294,3,voa,0.60975,2,n,0.2774500000000081
0.786,can,44.016000000000005,3,oracle,0.757,2,n,0.4783750000000076
0.0,can,0.0,5,never,0.45475,3,n,-0.08397500000000262
3.0,can,490.0,5,always,0.738,3,n,0.3949000000000077
0.976,can,54.656,5,voa,0.554,3,n,0.21352500000000557
1.02,can,57.120000000000005,5,oracle,0.7535,3,n,0.47692500000000754
0.0,can,0.0,8,never,0.4575,5,n,-0.0758500000000012
5.0,can,1600.0,8,always,0.62425,5,n,0.26577500000000814
1.32,can,73.92,8,voa,0.4865,5,n,0.13587499999999808
1.4245,can,79.772,8,oracle,0.74175,5,n,0.4775500000000081
0.0,can,0.0,12,never,0.46325,7,n,-0.049375000000001515
7.0,can,2400.0,12,always,0.60025,7,n,0.23970000000000738
1.47775,can,82.75399999999999,12,voa,0.4495,7,n,0.09082499999999605
1.8525,can,103.74000000000001,12,oracle,0.74,7,n,0.47102500000000797
