a_own,cost,cost_per_edge,fuse,open_base,open_verifier,pi_s,policy,preserved,stops,sweep,util,violations
0.5,0.0,,exact,0.0,0.0,,never,0.2540799999999999,0.56,own_evidence,-0.10800000000000003,0.0
0.5,0.19999999999999987,,exact,1.0000000000000004,1.0000000000000004,,always,1.0000000000000004,0.03332000000000003,own_evidence,0.6879119999999996,0.013240000000000012
0.5,0.0,,exact,0.0,0.0,,event,0.2540799999999999,0.56,own_evidence,-0.10800000000000003,0.0
0.5,0.19999999999999987,,exact,1.0000000000000004,1.0000000000000004,,random,1.0000000000000004,0.03332000000000003,own_evidence,0.6879119999999996,0.013240000000000012
0.5,0.19999999999999987,,exact,1.0000000000000004,1.0000000000000004,,voa,1.0000000000000004,0.03332000000000003,own_evidence,0.6879119999999996,0.013240000000000012
0.5,0.08999999999999996,,exact,0.7000000000000002,0.19999999999999993,,oracle,0.9800900000000002,0.028000000000000025,own_evidence,0.7384089999999998,0.0013300000000000009
0.5,0.0,,exact,0.0,0.0,,oracle_truth,0.0,0.0,own_evidence,0.7799999999999994,0.0
0.55,0.0,,exact,0.0,0.0,,never,0.25984874999999996,0.5599999999999999,own_evidence,-0.10111999999999999,0.0
0.55,0.19999999999999998,,exact,0.9999999999999998,0.9999999999999998,,always,0.9999999999999998,0.03332000000000002,own_evidence,0.6879119999999997,0.01324000000000001
0.55,0.0,,exact,0.0,0.0,,event,0.25984874999999996,0.5599999999999999,own_evidence,-0.10111999999999999,0.0
0.55,0.18355373749999998,,exact,0.8355373749999999,0.9999999999999998,,random,0.8631126999999998,0.1636733,own_evidence,0.5413217099999997,0.006706000000000005
0.55,0.18874999999999995,,exact,0.8874999999999998,0.9999999999999998,,voa,0.9999999999999998,0.03332000000000002,own_evidence,0.6879119999999997,0.01324000000000001
0.55,0.10228499999999999,,exact,0.7634499999999996,0.25939999999999996,,oracle,0.9300623749999999,0.028000000000000018,own_evidence,0.5232597024999996,0.062694925
0.55,0.0,,exact,0.0,0.0,,oracle_truth,0.0,0.0,own_evidence,0.7799999999999996,0.0
0.6,0.0,,exact,0.0,0.0,,never,0.27703000000000005,0.56,own_evidence,-0.08687999999999996,0.0
0.6,0.19999999999999993,,exact,1.0,1.0,,always,1.0,0.03332000000000003,own_evidence,0.6879119999999999,0.01324000000000001
0.6,0.04600000000000001,,exact,0.46,0.0,,event,0.44148000000000004,0.4323200000000001,own_evidence,0.028679999999999983,0.026320000000000007
0.6,0.18370579999999997,,exact,0.837058,1.0,,random,0.8664688,0.1597232,own_evidence,0.5485358399999999,0.0061120000000000054
0.6,0.18779999999999997,,exact,0.878,1.0,,voa,1.0,0.03332000000000003,own_evidence,0.6879119999999999,0.01324000000000001
0.6,0.09639999999999997,,exact,0.5680000000000002,0.39599999999999996,,oracle,0.9258972000000001,0.02347520000000002,own_evidence,0.540138,0.0595528
0.6,0.0,,exact,0.0,0.0,,oracle_truth,0.0,0.0,own_evidence,0.7800000000000002,0.0
0.65,0.0,,exact,0.0,0.0,,never,0.45884250000000004,0.3233999999999999,own_evidence,-0.06056000000000002,0.09379999999999997
0.65,0.20000000000000007,,exact,0.9999999999999999,0.9999999999999999,,always,0.9999999999999999,0.03332000000000003,own_evidence,0.6879119999999995,0.013240000000000014
0.65,0.044000000000000004,,exact,0.43999999999999995,0.0,,event,0.61288375,0.20236999999999997,own_evidence,0.05415750000000007,0.11584499999999998
0.65,0.16796120000000003,,exact,0.840869375,0.838742625,,random,0.866005775,0.15192940000000002,own_evidence,0.5608382799999998,0.0055180000000000055
0.65,0.16797000000000006,,exact,0.8684999999999998,0.8111999999999999,,voa,0.97616,0.03332000000000003,own_evidence,0.6713567999999995,0.013240000000000014
0.65,0.06367500000000001,,exact,0.3295,0.30724999999999997,,oracle,0.9054941499999999,0.07624399999999999,own_evidence,0.6545750300000002,0.007373100000000006
0.65,0.0,,exact,0.0,0.0,,oracle_truth,0.0,0.0,own_evidence,0.7800000000000001,0.0
0.7,0.0,,exact,0.0,0.0,,never,0.5183999999999999,0.2856,own_evidence,0.03275999999999986,0.08520000000000001
0.7,0.20000000000000004,,exact,1.0,1.0,,always,1.0,0.03332000000000004,own_evidence,0.6879119999999999,0.01324000000000001
0.7,0.08000000000000004,,exact,0.4199999999999999,0.37999999999999984,,event,0.8476600000000001,0.01005480000000001,own_evidence,0.3057107600000002,0.1286648
0.7,0.16377124000000004,,exact,0.7824531999999998,0.8552591999999999,,random,0.8757031,0.1428056,own_evidence,0.5750815199999998,0.004924000000000004
0.7,0.16606000000000007,,exact,0.8590000000000001,0.8016,,voa,0.9792000000000001,0.03332000000000004,own_evidence,0.6739823999999998,0.01324000000000001
0.7,0.057150000000000006,,exact,0.2999999999999999,0.27149999999999996,,oracle,0.9200675999999999,0.05745600000000002,own_evidence,0.6820609199999998,0.006500400000000005
0.7,0.0,,exact,0.0,0.0,,oracle_truth,0.0,0.0,own_evidence,0.7799999999999996,0.0
0.75,0.0,,exact,0.0,0.0,,never,0.5815125000000001,0.24499999999999997,own_evidence,0.135,0.07499999999999998
0.75,0.19999999999999984,,exact,1.0,1.0,,always,1.0,0.03332000000000002,own_evidence,0.6879119999999997,0.013240000000000012
0.75,0.075,,exact,0.4,0.35,,event,0.867085,0.008382500000000006,own_evidence,0.37841512500000013,0.10886875
0.75,0.16546462500000003,,exact,0.7813000000000001,0.8733462500000001,,random,0.8737275000000001,0.13107500000000002,own_evidence,0.5814405,0.004330000000000005
0.75,0.16415,,exact,0.8494999999999999,0.792,,voa,0.9822399999999999,0.03332000000000002,own_evidence,0.6766079999999999,0.013240000000000012
0.75,0.05068124999999999,,exact,0.26750000000000007,0.23931250000000004,,oracle,0.931984375,0.041299999999999996,own_evidence,0.7063072500000004,0.005567500000000005
0.75,0.0,,exact,0.0,0.0,,oracle_truth,0.0,0.0,own_evidence,0.7800000000000005,0.0
0.8,0.0,,exact,0.0,0.0,,never,0.6481800000000003,0.20159999999999992,own_evidence,0.2461600000000003,0.06319999999999999
0.8,0.19999999999999996,,exact,1.0,1.0,,always,1.0,0.03332000000000002,own_evidence,0.6879120000000002,0.013240000000000009
0.8,0.07,,exact,0.38,0.32000000000000006,,event,0.8865100000000001,0.0067088000000000035,own_evidence,0.4504929599999998,0.08930879999999997
0.8,0.13374052,,exact,0.444704,0.8927012000000001,,random,0.8934572000000001,0.11673760000000001,own_evidence,0.6064915200000004,0.0037360000000000028
0.8,0.16223999999999997,,exact,0.84,0.7824000000000002,,voa,0.9852800000000002,0.03332000000000002,own_evidence,0.6792336000000002,0.013240000000000009
0.8,0.03359999999999998,,exact,0.13599999999999995,0.19999999999999996,,oracle,0.9302079999999998,0.027775999999999988,own_evidence,0.7024515200000001,0.011702399999999998
0.8,0.0,,exact,0.0,0.0,,oracle_truth,0.0,0.0,own_evidence,0.7800000000000001,0.0
0.85,0.0,,exact,0.0,0.0,,never,0.7184024999999999,0.15539999999999995,own_evidence,0.36624,0.04979999999999999
0.85,0.2,,exact,0.9999999999999998,0.9999999999999998,,always,0.9999999999999998,0.033320000000000016,own_evidence,0.6879120000000001,0.01324000000000001
0.85,0.06499999999999997,,exact,0.35999999999999993,0.29,,event,0.9059349999999996,0.005033700000000005,own_evidence,0.5219442649999998,0.06998494999999999
0.85,0.13166885499999997,,exact,0.40336450000000007,0.9133240499999998,,random,0.9145157999999999,0.0997934,own_evidence,0.6340101800000001,0.003142000000000002
0.85,0.16032999999999997,,exact,0.8304999999999996,0.7727999999999999,,voa,0.9883199999999999,0.033320000000000016,own_evidence,0.6818591999999999,0.01324000000000001
0.85,0.025649999999999996,,exact,0.1065,0.15,,oracle,0.9408982499999996,0.016884000000000007,own_evidence,0.73289223,0.007085100000000003
0.85,0.0,,exact,0.0,0.0,,oracle_truth,0.0,0.0,own_evidence,0.7799999999999999,0.0
0.9,0.0,,exact,0.0,0.0,,never,0.7921799999999999,0.1064,own_evidence,0.49524000000000007,0.03479999999999999
0.9,0.20000000000000004,,exact,0.9999999999999997,0.9999999999999997,,always,0.9999999999999997,0.03332000000000003,own_evidence,0.6879120000000006,0.01324000000000001
0.9,0.06,,exact,0.3399999999999999,0.25999999999999995,,event,0.9253599999999996,0.003357200000000002,own_evidence,0.5927690400000006,0.05089719999999999
0.9,0.01745862,,exact,0.0,0.17458620000000002,,random,0.8090090999999999,0.1107092,own_evidence,0.5311097700000001,0.0227985
0.9,0.025999999999999995,,exact,0.0,0.25999999999999995,,voa,0.8618399999999998,0.05650399999999998,own_evidence,0.5661492000000005,0.038363999999999995
0.9,0.017399999999999992,,exact,0.07399999999999997,0.09999999999999998,,oracle,0.9478269999999996,0.008624,own_evidence,0.7559638800000003,0.0035956
0.9,0.0,,exact,0.0,0.0,,oracle_truth,0.0,0.0,own_evidence,0.78,0.0
0.95,0.0,,exact,0.0,0.0,,never,0.9052562499999997,0.054600000000000044,own_evidence,0.6331599999999997,0.018200000000000008
0.95,0.19999999999999998,,exact,0.9999999999999994,0.9999999999999994,,always,0.9999999999999994,0.05965400000000006,own_evidence,0.6934352999999998,0.0018590000000000024
0.95,0.05500000000000001,,exact,0.32,0.22999999999999998,,event,0.9447849999999997,0.028266000000000027,own_evidence,0.6698107999999998,0.02008600000000001
0.95,0.0059177775000000005,,exact,0.0,0.059177775,,random,0.9134514249999995,0.054600000000000044,own_evidence,0.6548312574999997,0.011865875000000008
0.95,0.023000000000000003,,exact,0.0,0.22999999999999998,,voa,0.9447849999999997,0.028266000000000027,own_evidence,0.6698107999999998,0.02008600000000001
0.95,0.008850000000000007,,exact,0.03850000000000003,0.05000000000000003,,oracle,0.9635983749999997,0.028266000000000027,own_evidence,0.7388244474999999,0.0012305750000000022
0.95,0.0,,exact,0.0,0.0,,oracle_truth,0.0,0.0,own_evidence,0.7799999999999996,0.0
0.99,0.0,,exact,0.0,0.0,,never,0.9901000000000003,0.011144000000000006,own_evidence,0.7499184000000001,0.003768000000000003
0.99,0.20000000000000015,,exact,1.0000000000000004,1.0000000000000004,,always,1.0000000000000004,0.005655440000000005,own_evidence,0.7535663519999999,0.005169840000000004
0.99,0.05100000000000001,,exact,0.304,0.206,,event,1.0000000000000004,0.005655440000000005,own_evidence,0.7535663519999999,0.005169840000000004
0.99,0.0,,exact,0.0,0.0,,random,0.9901000000000003,0.011144000000000006,own_evidence,0.7499184000000001,0.003768000000000003
0.99,0.0,,exact,0.0,0.0,,voa,0.9901000000000003,0.011144000000000006,own_evidence,0.7499184000000001,0.003768000000000003
0.99,0.0017940000000000009,,exact,0.007940000000000006,0.010000000000000007,,oracle,0.9980200000000004,0.005655440000000005,own_evidence,0.758871168,0.0037917600000000034
0.99,0.0,,exact,0.0,0.0,,oracle_truth,0.0,0.0,own_evidence,0.78,0.0
,0.0,0.0,exact,0.0,0.0,,never,0.45884250000000004,0.3233999999999999,cost,-0.06056000000000002,0.09379999999999997
,0.0,0.0,exact,0.9999999999999999,0.9999999999999999,,always,0.9999999999999999,0.03332000000000003,cost,0.6879119999999995,0.013240000000000014
,0.0,0.0,exact,0.43999999999999995,0.0,,event,0.61288375,0.20236999999999997,cost,0.05415750000000007,0.11584499999999998
,0.0,0.0,exact,0.9740357499999999,0.9999999999999999,,random,0.9999999999999999,0.03332000000000003,cost,0.6879119999999995,0.013240000000000014
,0.0,0.0,exact,0.9263599999999997,0.9999999999999999,,voa,0.9999999999999999,0.03332000000000003,cost,0.6879119999999995,0.013240000000000014
,0.0,0.0,exact,0.3295,0.30724999999999997,,oracle,0.9054941499999999,0.07624399999999999,cost,0.6545750300000002,0.007373100000000006
,0.0,0.0,exact,0.0,0.0,,oracle_truth,0.0,0.0,cost,0.7800000000000001,0.0
,0.0,0.02,exact,0.0,0.0,,never,0.45884250000000004,0.3233999999999999,cost,-0.06056000000000002,0.09379999999999997
,0.039999999999999994,0.02,exact,0.9999999999999999,0.9999999999999999,,always,0.9999999999999999,0.03332000000000003,cost,0.6879119999999995,0.013240000000000014
,0.008799999999999999,0.02,exact,0.43999999999999995,0.0,,event,0.61288375,0.20236999999999997,cost,0.05415750000000007,0.11584499999999998
,0.03681738749999999,0.02,exact,0.840869375,0.9999999999999999,,random,0.8724583,0.15313970000000002,cost,0.5591733899999998,0.0055180000000000055
,0.03737000000000001,0.02,exact,0.8684999999999998,0.9999999999999999,,voa,0.9999999999999999,0.03332000000000003,cost,0.6879119999999995,0.013240000000000014
,0.012734999999999998,0.02,exact,0.3295,0.30724999999999997,,oracle,0.9054941499999999,0.07624399999999999,cost,0.6545750300000002,0.007373100000000006
,0.0,0.02,exact,0.0,0.0,,oracle_truth,0.0,0.0,cost,0.7800000000000001,0.0
,0.0,0.05,exact,0.0,0.0,,never,0.45884250000000004,0.3233999999999999,cost,-0.06056000000000002,0.09379999999999997
,0.10000000000000003,0.05,exact,0.9999999999999999,0.9999999999999999,,always,0.9999999999999999,0.03332000000000003,cost,0.6879119999999995,0.013240000000000014
,0.022000000000000002,0.05,exact,0.43999999999999995,0.0,,event,0.61288375,0.20236999999999997,cost,0.05415750000000007,0.11584499999999998
,0.09204346875000001,0.05,exact,0.840869375,0.9999999999999999,,random,0.8724583,0.15313970000000002,cost,0.5591733899999998,0.0055180000000000055
,0.09342500000000004,0.05,exact,0.8684999999999998,0.9999999999999999,,voa,0.9999999999999999,0.03332000000000003,cost,0.6879119999999995,0.013240000000000014
,0.031837500000000005,0.05,exact,0.3295,0.30724999999999997,,oracle,0.9054941499999999,0.07624399999999999,cost,0.6545750300000002,0.007373100000000006
,0.0,0.05,exact,0.0,0.0,,oracle_truth,0.0,0.0,cost,0.7800000000000001,0.0
,0.0,0.1,exact,0.0,0.0,,never,0.45884250000000004,0.3233999999999999,cost,-0.06056000000000002,0.09379999999999997
,0.20000000000000007,0.1,exact,0.9999999999999999,0.9999999999999999,,always,0.9999999999999999,0.03332000000000003,cost,0.6879119999999995,0.013240000000000014
,0.044000000000000004,0.1,exact,0.43999999999999995,0.0,,event,0.61288375,0.20236999999999997,cost,0.05415750000000007,0.11584499999999998
,0.16796120000000003,0.1,exact,0.840869375,0.838742625,,random,0.866005775,0.15192940000000002,cost,0.5608382799999998,0.0055180000000000055
,0.16797000000000006,0.1,exact,0.8684999999999998,0.8111999999999999,,voa,0.97616,0.03332000000000003,cost,0.6713567999999995,0.013240000000000014
,0.06367500000000001,0.1,exact,0.3295,0.30724999999999997,,oracle,0.9054941499999999,0.07624399999999999,cost,0.6545750300000002,0.007373100000000006
,0.0,0.1,exact,0.0,0.0,,oracle_truth,0.0,0.0,cost,0.7800000000000001,0.0
,0.0,0.2,exact,0.0,0.0,,never,0.45884250000000004,0.3233999999999999,cost,-0.06056000000000002,0.09379999999999997
,0.40000000000000013,0.2,exact,0.9999999999999999,0.9999999999999999,,always,0.9999999999999999,0.03332000000000003,cost,0.6879119999999995,0.013240000000000014
,0.08800000000000001,0.2,exact,0.43999999999999995,0.0,,event,0.61288375,0.20236999999999997,cost,0.05415750000000007,0.11584499999999998
,0.33592240000000007,0.2,exact,0.840869375,0.838742625,,random,0.866005775,0.15192940000000002,cost,0.5608382799999998,0.0055180000000000055
,0.3359400000000001,0.2,exact,0.8684999999999998,0.8111999999999999,,voa,0.97616,0.03332000000000003,cost,0.6713567999999995,0.013240000000000014
,0.12735000000000002,0.2,exact,0.3295,0.30724999999999997,,oracle,0.9054941499999999,0.07624399999999999,cost,0.6545750300000002,0.007373100000000006
,0.0,0.2,exact,0.0,0.0,,oracle_truth,0.0,0.0,cost,0.7800000000000001,0.0
,0.0,0.3,exact,0.0,0.0,,never,0.45884250000000004,0.3233999999999999,cost,-0.06056000000000002,0.09379999999999997
,0.5999999999999998,0.3,exact,0.9999999999999999,0.9999999999999999,,always,0.9999999999999999,0.03332000000000003,cost,0.6879119999999995,0.013240000000000014
,0.132,0.3,exact,0.43999999999999995,0.0,,event,0.61288375,0.20236999999999997,cost,0.05415750000000007,0.11584499999999998
,0.31300517249999993,0.3,exact,0.5142427999999999,0.529107775,,random,0.8153793249999999,0.15313970000000002,cost,0.5194051049999997,0.0057689500000000045
,0.41302799999999984,0.3,exact,0.7459600000000002,0.6308000000000002,,voa,0.8536199999999999,0.0978383,cost,0.5550080349999996,0.010222050000000009
,0.19102499999999997,0.3,exact,0.3295,0.30724999999999997,,oracle,0.9054941499999999,0.07624399999999999,cost,0.6545750300000002,0.007373100000000006
,0.0,0.3,exact,0.0,0.0,,oracle_truth,0.0,0.0,cost,0.7800000000000001,0.0
,0.0,0.5,exact,0.0,0.0,,never,0.45884250000000004,0.3233999999999999,cost,-0.06056000000000002,0.09379999999999997
,0.9999999999999999,0.5,exact,0.9999999999999999,0.9999999999999999,,always,0.9999999999999999,0.03332000000000003,cost,0.6879119999999995,0.013240000000000014
,0.21999999999999997,0.5,exact,0.43999999999999995,0.0,,event,0.61288375,0.20236999999999997,cost,0.05415750000000007,0.11584499999999998
,0.01871617500000001,0.5,exact,0.03743235000000002,0.0,,random,0.4498232,0.3233999999999999,cost,-0.05336757249999999,0.08653837499999999
,0.1652,0.5,exact,0.3304,0.0,,voa,0.52199125,0.3352299999999999,cost,0.1287585,0.033354999999999996
,0.318375,0.5,exact,0.3295,0.30724999999999997,,oracle,0.9054941499999999,0.07624399999999999,cost,0.6545750300000002,0.007373100000000006
,0.0,0.5,exact,0.0,0.0,,oracle_truth,0.0,0.0,cost,0.7800000000000001,0.0
,0.0,0.8,exact,0.0,0.0,,never,0.45884250000000004,0.3233999999999999,cost,-0.06056000000000002,0.09379999999999997
,1.6000000000000005,0.8,exact,0.9999999999999999,0.9999999999999999,,always,0.9999999999999999,0.03332000000000003,cost,0.6879119999999995,0.013240000000000014
,0.35200000000000004,0.8,exact,0.43999999999999995,0.0,,event,0.61288375,0.20236999999999997,cost,0.05415750000000007,0.11584499999999998
,0.0,0.8,exact,0.0,0.0,,random,0.45884250000000004,0.3233999999999999,cost,-0.06056000000000002,0.09379999999999997
,0.0,0.8,exact,0.0,0.0,,voa,0.45884250000000004,0.3233999999999999,cost,-0.06056000000000002,0.09379999999999997
,0.5094000000000001,0.8,exact,0.3295,0.30724999999999997,,oracle,0.9054941499999999,0.07624399999999999,cost,0.6545750300000002,0.007373100000000006
,0.0,0.8,exact,0.0,0.0,,oracle_truth,0.0,0.0,cost,0.7800000000000001,0.0
,0.0,1.2,exact,0.0,0.0,,never,0.45884250000000004,0.3233999999999999,cost,-0.06056000000000002,0.09379999999999997
,2.399999999999999,1.2,exact,0.9999999999999999,0.9999999999999999,,always,0.9999999999999999,0.03332000000000003,cost,0.6879119999999995,0.013240000000000014
,0.528,1.2,exact,0.43999999999999995,0.0,,event,0.61288375,0.20236999999999997,cost,0.05415750000000007,0.11584499999999998
,0.0,1.2,exact,0.0,0.0,,random,0.45884250000000004,0.3233999999999999,cost,-0.06056000000000002,0.09379999999999997
,0.0,1.2,exact,0.0,0.0,,voa,0.45884250000000004,0.3233999999999999,cost,-0.06056000000000002,0.09379999999999997
,0.7640999999999999,1.2,exact,0.3295,0.30724999999999997,,oracle,0.9054941499999999,0.07624399999999999,cost,0.6545750300000002,0.007373100000000006
,0.0,1.2,exact,0.0,0.0,,oracle_truth,0.0,0.0,cost,0.7800000000000001,0.0
,0.0,,exact,0.0,0.0,0.05,never,0.5980275000000002,0.2659999999999999,prior,0.18700000000000003,0.09599999999999997
,0.20000000000000007,,exact,1.0000000000000002,1.0000000000000002,0.05,always,1.0000000000000002,0.045220000000000045,prior,0.8074770000000001,0.0037900000000000034
,0.0,,exact,0.0,0.0,0.05,event,0.5980275000000002,0.2659999999999999,prior,0.18700000000000003,0.09599999999999997
,0.10177694125,,exact,0.017769412500000012,1.0000000000000002,0.05,random,0.9331803250000001,0.01615855000000001,prior,0.7132136775,0.041548224999999994
,0.128981,,exact,0.2898099999999999,1.0000000000000002,0.05,voa,0.9622850000000003,0.020767000000000015,prior,0.7929248999999999,0.01705200000000001
,0.039536875000000006,,exact,0.04999999999999998,0.3453687499999999,0.05,oracle,0.9558004375000002,0.002660000000000002,prior,0.8671313250000002,0.002659750000000003
,0.0,,exact,0.0,0.0,0.05,oracle_truth,0.0,0.0,prior,0.8800000000000006,0.0
,0.0,,exact,0.0,0.0,0.1,never,0.5748300000000001,0.252,prior,0.0830000000000002,0.12199999999999998
,0.20000000000000007,,exact,1.0000000000000002,1.0000000000000002,0.1,always,1.0000000000000002,0.042840000000000045,prior,0.7835640000000004,0.005680000000000006
,0.0,,exact,0.0,0.0,0.1,event,0.5748300000000001,0.252,prior,0.0830000000000002,0.12199999999999998
,0.13081939250000005,,exact,0.4672414750000001,0.8409524500000002,0.1,random,0.9956341000000002,0.042840000000000045,prior,0.7835640000000004,0.005680000000000006
,0.1776585,,exact,0.8223100000000002,0.9542750000000002,0.1,voa,0.9942262500000003,0.042840000000000045,prior,0.7795242800000004,0.005680000000000006
,0.04357500000000003,,exact,0.09999999999999996,0.33575,0.1,oracle,0.9576859999999999,0.0025200000000000023,prior,0.8403925500000005,0.004619500000000005
,0.0,,exact,0.0,0.0,0.1,oracle_truth,0.0,0.0,prior,0.8600000000000003,0.0
,0.0,,exact,0.0,0.0,0.2,never,0.45884250000000026,0.3696000000000001,prior,-0.00018999999999993328,0.0777
,0.20000000000000004,,exact,0.9999999999999997,0.9999999999999997,0.2,always,0.9999999999999997,0.038080000000000044,prior,0.735738,0.00946000000000001
,0.0,,exact,0.0,0.0,0.2,event,0.45884250000000026,0.3696000000000001,prior,-0.00018999999999993328,0.0777
,0.13680339499999997,,exact,0.5141907000000001,0.8538432499999996,0.2,random,0.8530641999999998,0.17501680000000003,prior,0.5749619999999999,0.004312000000000004
,0.17434200000000005,,exact,0.824545,0.9188749999999997,0.2,voa,0.9897562499999994,0.038080000000000044,prior,0.7286287599999999,0.00946000000000001
,0.06100000000000002,,exact,0.2884999999999999,0.32150000000000006,0.2,oracle,0.8955188499999996,0.08713600000000002,prior,0.688379045,0.005144650000000005
,0.0,,exact,0.0,0.0,0.2,oracle_truth,0.0,0.0,prior,0.82,0.0
,0.0,,exact,0.0,0.0,0.3,never,0.45884250000000004,0.3233999999999999,prior,-0.06056000000000002,0.09379999999999997
,0.20000000000000007,,exact,0.9999999999999999,0.9999999999999999,0.3,always,0.9999999999999999,0.03332000000000003,prior,0.6879119999999995,0.013240000000000014
,0.044000000000000004,,exact,0.43999999999999995,0.0,0.3,event,0.61288375,0.20236999999999997,prior,0.05415750000000007,0.11584499999999998
,0.16796120000000003,,exact,0.840869375,0.838742625,0.3,random,0.866005775,0.15192940000000002,prior,0.5608382799999998,0.0055180000000000055
,0.16797000000000006,,exact,0.8684999999999998,0.8111999999999999,0.3,voa,0.97616,0.03332000000000003,prior,0.6713567999999995,0.013240000000000014
,0.06367500000000001,,exact,0.3295,0.30724999999999997,0.3,oracle,0.9054941499999999,0.07624399999999999,prior,0.6545750300000002,0.007373100000000006
,0.0,,exact,0.0,0.0,0.3,oracle_truth,0.0,0.0,prior,0.7800000000000001,0.0
,0.0,,exact,0.0,0.0,0.4,never,0.35276375000000004,0.4800000000000001,prior,-0.020239999999999973,0.0
,0.20000000000000007,,exact,1.0,1.0,0.4,always,1.0,0.02856000000000002,prior,0.6400860000000003,0.017020000000000018
,0.047000000000000014,,exact,0.4699999999999999,0.0,0.4,event,0.49025124999999997,0.3762600000000001,prior,0.06998750000000005,0.02163500000000001
,0.16923506500000007,,exact,0.8478572499999998,0.8444934000000001,0.4,random,0.88323095,0.1302252,prior,0.5449559200000005,0.006724000000000006
,0.16266000000000005,,exact,0.8684999999999998,0.7581000000000001,0.4,voa,0.9694550000000002,0.02856000000000002,prior,0.6189364000000003,0.017020000000000018
,0.08597750000000007,,exact,0.4975,0.36227499999999985,0.4,oracle,0.90933385,0.020190600000000017,prior,0.4517892000000001,0.07450940000000002
,0.0,,exact,0.0,0.0,0.4,oracle_truth,0.0,0.0,prior,0.7399999999999999,0.0
,0.0,,exact,0.0,0.0,0.5,never,0.41192375000000003,0.39999999999999997,prior,0.03279999999999999,0.0
,0.19999999999999996,,exact,1.0000000000000002,1.0000000000000002,0.5,always,1.0000000000000002,0.02380000000000002,prior,0.5922600000000001,0.02080000000000002
,0.049999999999999996,,exact,0.5,0.0,0.5,event,0.5300012500000001,0.31355,prior,0.09645749999999996,0.02122500000000001
,0.152591725,,exact,0.8548451250000002,0.6710721250000002,0.5,random,0.8860580000000002,0.108521,prior,0.5194417,0.007930000000000005
,0.15735,,exact,0.8685000000000003,0.7050000000000003,0.5,voa,0.9627500000000002,0.02380000000000002,prior,0.5665160000000001,0.02080000000000002
,0.07135000000000001,,exact,0.4385,0.2750000000000001,0.5,oracle,0.8897513750000001,0.10691550000000002,prior,0.55052325,0.002758000000000002
,0.0,,exact,0.0,0.0,0.5,oracle_truth,0.0,0.0,prior,0.6999999999999998,0.0
,0.0,,exact,0.0,0.0,0.6,never,0.47108374999999997,0.32000000000000006,prior,0.08583999999999999,0.0
,0.20000000000000004,,exact,0.9999999999999999,0.9999999999999999,0.6,always,0.9999999999999999,0.019040000000000022,prior,0.5444339999999998,0.024580000000000022
,0.10000000000000002,,exact,0.9999999999999999,0.0,0.6,event,0.73373,0.12240000000000001,prior,0.24471,0.04430000000000002
,0.07609812000000002,,exact,0.2873595,0.4736217,0.6,random,0.58391065,0.28313240000000006,prior,0.18489813000000002,0.0007873000000000008
,0.11177250000000002,,exact,0.5558,0.5619250000000002,0.6,voa,0.8660699999999999,0.08750840000000001,prior,0.45213652499999984,0.014434650000000012
,0.06400250000000002,,exact,0.3794999999999999,0.260525,0.6,oracle,0.9032410999999999,0.08553240000000001,prior,0.5366986999999999,0.003176600000000002
,0.0,,exact,0.0,0.0,0.6,oracle_truth,0.0,0.0,prior,0.6599999999999998,0.0
0.5,0.0,,can,0.0,0.0,,never,0.2540799999999999,0.56,own_evidence,-0.10800000000000003,0.0
0.5,0.19999999999999987,,can,1.0000000000000004,1.0000000000000004,,always,1.0000000000000004,0.03332000000000003,own_evidence,0.6879119999999996,0.013240000000000012
0.5,0.0,,can,0.0,0.0,,event,0.2540799999999999,0.56,own_evidence,-0.10800000000000003,0.0
0.5,0.16342674999999984,,can,0.6342675000000004,1.0000000000000004,,random,0.7307200000000004,0.29666,own_evidence,0.36636000000000024,0.007300000000000004
0.5,0.1793999999999998,,can,0.7940000000000002,1.0000000000000004,,voa,1.0000000000000004,0.03332000000000003,own_evidence,0.6879119999999996,0.013240000000000012
0.5,0.12989999999999985,,can,0.7000000000000002,0.5990000000000006,,oracle,0.9840800000000005,0.03332000000000003,own_evidence,0.7361479999999998,0.0
0.5,0.0,,can,0.0,0.0,,oracle_truth,0.0,0.0,own_evidence,0.7799999999999994,0.0
0.55,0.0,,can,0.0,0.0,,never,0.25984874999999996,0.5599999999999999,own_evidence,-0.10111999999999999,0.0
0.55,0.19999999999999998,,can,0.9999999999999998,0.9999999999999998,,always,0.89006875,0.13997269999999998,own_evidence,0.5604678149999996,0.009961450000000007
0.55,0.0,,can,0.0,0.0,,event,0.25984874999999996,0.5599999999999999,own_evidence,-0.10111999999999999,0.0
0.55,0.14442003249999993,,can,0.44420032499999995,0.9999999999999998,,random,0.5967949750000001,0.4296466999999999,own_evidence,0.19648596749999997,0.006361675000000004
0.55,0.1622399999999999,,can,0.6224,0.9999999999999998,,voa,0.89006875,0.13997269999999998,own_evidence,0.5604678149999996,0.009961450000000007
0.55,0.14235374999999997,,can,0.7634499999999996,0.6600874999999998,,oracle,0.8804512999999999,0.13997269999999998,own_evidence,0.5885908399999995,0.0024057000000000015
0.55,0.0,,can,0.0,0.0,,oracle_truth,0.0,0.0,own_evidence,0.7799999999999996,0.0
0.6,0.0,,can,0.0,0.0,,never,0.27703000000000005,0.56,own_evidence,-0.08687999999999996,0.0
0.6,0.19999999999999993,,can,1.0,1.0,,always,0.9125500000000001,0.11758880000000003,own_evidence,0.5892327599999999,0.01005880000000001
0.6,0.04600000000000001,,can,0.46,0.0,,event,0.31058,0.56,own_evidence,-0.06278399999999998,0.0
0.6,0.142526,,can,0.4252600000000001,1.0,,random,0.7818531999999999,0.24399200000000001,own_evidence,0.4398320399999996,0.005798800000000005
0.6,0.1693079999999999,,can,0.69308,1.0,,voa,0.9125500000000001,0.11758880000000003,own_evidence,0.5892327599999999,0.01005880000000001
0.6,0.10916799999999997,,can,0.5680000000000002,0.52368,,oracle,0.7231547999999999,0.2420768,own_evidence,0.2559559199999999,0.0595528
0.6,0.0,,can,0.0,0.0,,oracle_truth,0.0,0.0,own_evidence,0.7800000000000002,0.0
0.65,0.0,,can,0.0,0.0,,never,0.45884250000000004,0.3233999999999999,own_evidence,-0.06056000000000002,0.09379999999999997
0.65,0.20000000000000007,,can,0.9999999999999999,0.9999999999999999,,always,0.8074549999999999,0.217658,own_evidence,0.4766091000000001,0.0050330000000000045
0.65,0.044000000000000004,,can,0.43999999999999995,0.0,,event,0.48787500000000006,0.3233999999999999,own_evidence,-0.03960400000000001,0.09379999999999997
0.65,0.03740721500000001,,can,0.03743235000000002,0.3366398,,random,0.4825779,0.3257659999999999,own_evidence,0.04844135250000009,0.056393225000000005
0.65,0.07689249999999999,,can,0.3304,0.43852500000000005,,voa,0.6095887499999999,0.33747769999999994,own_evidence,0.27481142500000016,0.0030089500000000024
0.65,0.07577800000000001,,can,0.3295,0.42828,,oracle,0.664199425,0.3233999999999999,own_evidence,0.34317157750000005,0.004507475000000004
0.65,0.0,,can,0.0,0.0,,oracle_truth,0.0,0.0,own_evidence,0.7800000000000001,0.0
0.7,0.0,,can,0.0,0.0,,never,0.5183999999999999,0.2856,own_evidence,0.03275999999999986,0.08520000000000001
0.7,0.20000000000000004,,can,1.0,1.0,,always,0.8332599999999999,0.19132400000000002,own_evidence,0.5127468,0.004504000000000004
0.7,0.08000000000000004,,can,0.4199999999999999,0.37999999999999984,,event,0.5685899999999998,0.2856,own_evidence,0.07220639999999989,0.08520000000000001
0.7,0.03918247,,can,0.03410840000000002,0.3577163,,random,0.5614933999999998,0.288344,own_evidence,0.15021948999999982,0.0519729
0.7,0.08106,,can,0.35959999999999986,0.45099999999999985,,voa,0.6601899999999997,0.3019268000000001,own_evidence,0.3341625999999999,0.0027768000000000024
0.7,0.058005,,can,0.2999999999999999,0.2800499999999999,,oracle,0.6963329999999998,0.2856,own_evidence,0.39446031,0.0038859000000000038
0.7,0.0,,can,0.0,0.0,,oracle_truth,0.0,0.0,own_evidence,0.7799999999999996,0.0
0.75,0.0,,can,0.0,0.0,,never,0.5815125000000001,0.24499999999999997,own_evidence,0.135,0.07499999999999998
0.75,0.19999999999999984,,can,1.0,1.0,,always,0.7588162500000003,0.26374250000000005,own_evidence,0.4251491250000002,0.0024787500000000022
0.75,0.075,,can,0.4,0.35,,event,0.6259012500000001,0.24499999999999997,own_evidence,0.17015999999999992,0.07499999999999998
0.75,0.039581624999999995,,can,0.032204375,0.36361187500000014,,random,0.618418125,0.24814999999999998,own_evidence,0.23431049999999976,0.046335
0.75,0.08566249999999996,,can,0.3899999999999999,0.46662499999999996,,voa,0.7117537500000001,0.26374250000000005,own_evidence,0.3957011250000001,0.0024787500000000022
0.75,0.05068124999999999,,can,0.26750000000000007,0.23931250000000004,,oracle,0.7314262500000002,0.24499999999999997,own_evidence,0.4515226875000001,0.0025143750000000023
0.75,0.0,,can,0.0,0.0,,oracle_truth,0.0,0.0,own_evidence,0.7800000000000005,0.0
0.8,0.0,,can,0.0,0.0,,never,0.6481800000000003,0.20159999999999992,own_evidence,0.2461600000000003,0.06319999999999999
0.8,0.19999999999999996,,can,1.0,1.0,,always,0.7992700000000003,0.22292479999999995,own_evidence,0.4784167600000002,0.002114800000000001
0.8,0.07,,can,0.38,0.32000000000000006,,event,0.6857800000000004,0.20159999999999992,own_evidence,0.2747513600000002,0.06319999999999999
0.8,0.04051728,,can,0.03201400000000001,0.3731588,,random,0.6789236000000004,0.20518399999999995,own_evidence,0.32621204000000015,0.0394916
0.8,0.09069999999999995,,can,0.42160000000000003,0.48540000000000005,,voa,0.7642800000000003,0.22292479999999995,own_evidence,0.45942700000000014,0.002114800000000001
0.8,0.03359999999999998,,can,0.13599999999999995,0.19999999999999996,,oracle,0.7611420000000001,0.20159999999999992,own_evidence,0.5022847600000002,0.002145200000000001
0.8,0.0,,can,0.0,0.0,,oracle_truth,0.0,0.0,own_evidence,0.7800000000000001,0.0
0.85,0.0,,can,0.0,0.0,,never,0.7184024999999999,0.15539999999999995,own_evidence,0.36624,0.04979999999999999
0.85,0.2,,can,0.9999999999999998,0.9999999999999998,,always,0.8422912499999998,0.17947369999999996,own_evidence,0.536902265,0.0016849500000000012
0.85,0.06499999999999997,,can,0.35999999999999993,0.29,,event,0.7482262499999999,0.15539999999999995,own_evidence,0.38892683999999994,0.04979999999999999
0.85,0.044558399999999984,,can,0.05752087500000001,0.38806312499999995,,random,0.7430703499999999,0.15944599999999998,own_evidence,0.4261800475,0.031369575
0.85,0.09617250000000001,,can,0.45439999999999986,0.5073249999999997,,voa,0.8177687499999999,0.17947369999999996,own_evidence,0.5253402249999998,0.0016849500000000012
0.85,0.025649999999999996,,can,0.1065,0.15,,oracle,0.8062976249999998,0.15539999999999995,own_evidence,0.5673364275000001,0.0017091750000000011
0.85,0.0,,can,0.0,0.0,,oracle_truth,0.0,0.0,own_evidence,0.7799999999999999,0.0
0.9,0.0,,can,0.0,0.0,,never,0.7921799999999999,0.1064,own_evidence,0.49524000000000007,0.03479999999999999
0.9,0.20000000000000004,,can,0.9999999999999997,0.9999999999999997,,always,0.8830199999999999,0.13338919999999999,own_evidence,0.59731728,0.0011892000000000007
0.9,0.06,,can,0.3399999999999999,0.25999999999999995,,event,0.8132399999999999,0.1064,own_evidence,0.51111744,0.03479999999999999
0.9,0.00123636,,can,0.0,0.012363599999999997,,random,0.8044919999999999,0.1064,own_evidence,0.5363466900000002,0.022949699999999996
0.9,0.00884,,can,0.0,0.08839999999999999,,voa,0.8132399999999999,0.1064,own_evidence,0.5118576,0.03479999999999999
0.9,0.017399999999999992,,can,0.07399999999999997,0.09999999999999998,,oracle,0.8528924999999997,0.1064,own_evidence,0.6353061900000001,0.0012063000000000006
0.9,0.0,,can,0.0,0.0,,oracle_truth,0.0,0.0,own_evidence,0.78,0.0
0.95,0.0,,can,0.0,0.0,,never,0.9052562499999997,0.054600000000000044,own_evidence,0.6331599999999997,0.018200000000000008
0.95,0.19999999999999998,,can,0.9999999999999994,0.9999999999999994,,always,0.9698087499999997,0.08467130000000006,own_evidence,0.6644406449999997,0.000627550000000001
0.95,0.05500000000000001,,can,0.32,0.22999999999999998,,event,0.9165649999999997,0.054600000000000044,own_evidence,0.6413231599999997,0.018200000000000008
0.95,0.0006795825000000005,,can,0.0,0.0067958250000000045,,random,0.9120249999999996,0.054600000000000044,own_evidence,0.6546385974999998,0.01194567500000001
0.95,0.007360000000000002,,can,0.0,0.07360000000000001,,voa,0.9185362499999996,0.054600000000000044,own_evidence,0.6417023999999997,0.018200000000000008
0.95,0.008850000000000007,,can,0.03850000000000003,0.05000000000000003,,oracle,0.9385513749999996,0.054600000000000044,own_evidence,0.7061940474999998,0.0006365750000000011
0.95,0.0,,can,0.0,0.0,,oracle_truth,0.0,0.0,own_evidence,0.7799999999999996,0.0
0.99,0.0,,can,0.0,0.0,,never,0.9901000000000003,0.011144000000000006,own_evidence,0.7499184000000001,0.003768000000000003
0.99,0.20000000000000015,,can,1.0000000000000004,1.0000000000000004,,always,0.9535930000000001,0.04380093200000002,own_evidence,0.7201150098000004,0.00013078200000000024
0.99,0.05100000000000001,,can,0.304,0.206,,event,0.9928967500000003,0.011144000000000006,own_evidence,0.7512586224000001,0.003768000000000003
0.99,0.0,,can,0.0,0.0,,random,0.9901000000000003,0.011144000000000006,own_evidence,0.7499184000000001,0.003768000000000003
0.99,0.0,,can,0.0,0.0,,voa,0.9901000000000003,0.011144000000000006,own_evidence,0.7499184000000001,0.003768000000000003
0.99,0.0017940000000000009,,can,0.007940000000000006,0.010000000000000007,,oracle,0.9882704230000003,0.011144000000000006,own_evidence,0.7650053619000003,0.00013266300000000023
0.99,0.0,,can,0.0,0.0,,oracle_truth,0.0,0.0,own_evidence,0.78,0.0
,0.0,0.0,can,0.0,0.0,,never,0.45884250000000004,0.3233999999999999,cost,-0.06056000000000002,0.09379999999999997
,0.0,0.0,can,0.9999999999999999,0.9999999999999999,,always,0.8074549999999999,0.217658,cost,0.4766091000000001,0.0050330000000000045
,0.0,0.0,can,0.43999999999999995,0.0,,event,0.48787500000000006,0.3233999999999999,cost,-0.03960400000000001,0.09379999999999997
,0.0,0.0,can,0.319891125,0.9999999999999999,,random,0.7267822749999998,0.217658,cost,0.27856051499999995,0.05501475
,0.0,0.0,can,0.5600000000000003,0.9999999999999999,,voa,0.8074549999999999,0.217658,cost,0.4766091000000001,0.0050330000000000045
,0.0,0.0,can,0.3295,0.42828,,oracle,0.664199425,0.3233999999999999,cost,0.34317157750000005,0.004507475000000004
,0.0,0.0,can,0.0,0.0,,oracle_truth,0.0,0.0,cost,0.7800000000000001,0.0
,0.0,0.02,can,0.0,0.0,,never,0.45884250000000004,0.3233999999999999,cost,-0.06056000000000002,0.09379999999999997
,0.039999999999999994,0.02,can,0.9999999999999999,0.9999999999999999,,always,0.8074549999999999,0.217658,cost,0.4766091000000001,0.0050330000000000045
,0.008799999999999999,0.02,can,0.43999999999999995,0.0,,event,0.48787500000000006,0.3233999999999999,cost,-0.03960400000000001,0.09379999999999997
,0.026397822499999994,0.02,can,0.319891125,0.9999999999999999,,random,0.7267822749999998,0.217658,cost,0.27856051499999995,0.05501475
,0.031199999999999985,0.02,can,0.5600000000000003,0.9999999999999999,,voa,0.8074549999999999,0.217658,cost,0.4766091000000001,0.0050330000000000045
,0.015155599999999997,0.02,can,0.3295,0.42828,,oracle,0.664199425,0.3233999999999999,cost,0.34317157750000005,0.004507475000000004
,0.0,0.02,can,0.0,0.0,,oracle_truth,0.0,0.0,cost,0.7800000000000001,0.0
,0.0,0.05,can,0.0,0.0,,never,0.45884250000000004,0.3233999999999999,cost,-0.06056000000000002,0.09379999999999997
,0.10000000000000003,0.05,can,0.9999999999999999,0.9999999999999999,,always,0.8074549999999999,0.217658,cost,0.4766091000000001,0.0050330000000000045
,0.022000000000000002,0.05,can,0.43999999999999995,0.0,,event,0.48787500000000006,0.3233999999999999,cost,-0.03960400000000001,0.09379999999999997
,0.04379362000000002,0.05,can,0.03743235000000002,0.8384400499999999,,random,0.5888326500000002,0.3257659999999999,cost,0.13811161500000008,0.05501475
,0.055040000000000026,0.05,can,0.3304,0.7704,,voa,0.6514949999999999,0.33747769999999994,cost,0.3047702650000002,0.0030089500000000024
,0.037889000000000006,0.05,can,0.3295,0.42828,,oracle,0.664199425,0.3233999999999999,cost,0.34317157750000005,0.004507475000000004
,0.0,0.05,can,0.0,0.0,,oracle_truth,0.0,0.0,cost,0.7800000000000001,0.0
,0.0,0.1,can,0.0,0.0,,never,0.45884250000000004,0.3233999999999999,cost,-0.06056000000000002,0.09379999999999997
,0.20000000000000007,0.1,can,0.9999999999999999,0.9999999999999999,,always,0.8074549999999999,0.217658,cost,0.4766091000000001,0.0050330000000000045
,0.044000000000000004,0.1,can,0.43999999999999995,0.0,,event,0.48787500000000006,0.3233999999999999,cost,-0.03960400000000001,0.09379999999999997
,0.03740721500000001,0.1,can,0.03743235000000002,0.3366398,,random,0.4825779,0.3257659999999999,cost,0.04844135250000009,0.056393225000000005
,0.07689249999999999,0.1,can,0.3304,0.43852500000000005,,voa,0.6095887499999999,0.33747769999999994,cost,0.27481142500000016,0.0030089500000000024
,0.07577800000000001,0.1,can,0.3295,0.42828,,oracle,0.664199425,0.3233999999999999,cost,0.34317157750000005,0.004507475000000004
,0.0,0.1,can,0.0,0.0,,oracle_truth,0.0,0.0,cost,0.7800000000000001,0.0
,0.0,0.2,can,0.0,0.0,,never,0.45884250000000004,0.3233999999999999,cost,-0.06056000000000002,0.09379999999999997
,0.40000000000000013,0.2,can,0.9999999999999999,0.9999999999999999,,always,0.8074549999999999,0.217658,cost,0.4766091000000001,0.0050330000000000045
,0.08800000000000001,0.2,can,0.43999999999999995,0.0,,event,0.48787500000000006,0.3233999999999999,cost,-0.03960400000000001,0.09379999999999997
,0.07481443000000002,0.2,can,0.03743235000000002,0.3366398,,random,0.4825779,0.3257659999999999,cost,0.04844135250000009,0.056393225000000005
,0.15378499999999998,0.2,can,0.3304,0.43852500000000005,,voa,0.6095887499999999,0.33747769999999994,cost,0.27481142500000016,0.0030089500000000024
,0.15155600000000002,0.2,can,0.3295,0.42828,,oracle,0.664199425,0.3233999999999999,cost,0.34317157750000005,0.004507475000000004
,0.0,0.2,can,0.0,0.0,,oracle_truth,0.0,0.0,cost,0.7800000000000001,0.0
,0.0,0.3,can,0.0,0.0,,never,0.45884250000000004,0.3233999999999999,cost,-0.06056000000000002,0.09379999999999997
,0.5999999999999998,0.3,can,0.9999999999999999,0.9999999999999999,,always,0.8074549999999999,0.217658,cost,0.4766091000000001,0.0050330000000000045
,0.132,0.3,can,0.43999999999999995,0.0,,event,0.48787500000000006,0.3233999999999999,cost,-0.03960400000000001,0.09379999999999997
,0.06374568,0.3,can,0.03743235000000002,0.17505324999999997,,random,0.4801339,0.3233999999999999,cost,0.051494142500000104,0.056420525000000006
,0.17655749999999998,0.3,can,0.3304,0.258125,,voa,0.5545849999999999,0.33747769999999994,cost,0.23202582500000016,0.0030089500000000024
,0.22733399999999998,0.3,can,0.3295,0.42828,,oracle,0.664199425,0.3233999999999999,cost,0.34317157750000005,0.004507475000000004
,0.0,0.3,can,0.0,0.0,,oracle_truth,0.0,0.0,cost,0.7800000000000001,0.0
,0.0,0.5,can,0.0,0.0,,never,0.45884250000000004,0.3233999999999999,cost,-0.06056000000000002,0.09379999999999997
,0.9999999999999999,0.5,can,0.9999999999999999,0.9999999999999999,,always,0.8074549999999999,0.217658,cost,0.4766091000000001,0.0050330000000000045
,0.21999999999999997,0.5,can,0.43999999999999995,0.0,,event,0.48787500000000006,0.3233999999999999,cost,-0.03960400000000001,0.09379999999999997
,0.01871617500000001,0.5,can,0.03743235000000002,0.0,,random,0.44965345000000007,0.3233999999999999,cost,-0.05290924749999999,0.08636862499999998
,0.1652,0.5,can,0.3304,0.0,,voa,0.52199125,0.3352299999999999,cost,0.1287585,0.033354999999999996
,0.37888999999999995,0.5,can,0.3295,0.42828,,oracle,0.664199425,0.3233999999999999,cost,0.34317157750000005,0.004507475000000004
,0.0,0.5,can,0.0,0.0,,oracle_truth,0.0,0.0,cost,0.7800000000000001,0.0
,0.0,0.8,can,0.0,0.0,,never,0.45884250000000004,0.3233999999999999,cost,-0.06056000000000002,0.09379999999999997
,1.6000000000000005,0.8,can,0.9999999999999999,0.9999999999999999,,always,0.8074549999999999,0.217658,cost,0.4766091000000001,0.0050330000000000045
,0.35200000000000004,0.8,can,0.43999999999999995,0.0,,event,0.48787500000000006,0.3233999999999999,cost,-0.03960400000000001,0.09379999999999997
,0.0,0.8,can,0.0,0.0,,random,0.45884250000000004,0.3233999999999999,cost,-0.06056000000000002,0.09379999999999997
,0.0,0.8,can,0.0,0.0,,voa,0.45884250000000004,0.3233999999999999,cost,-0.06056000000000002,0.09379999999999997
,0.6062240000000001,0.8,can,0.3295,0.42828,,oracle,0.664199425,0.3233999999999999,cost,0.34317157750000005,0.004507475000000004
,0.0,0.8,can,0.0,0.0,,oracle_truth,0.0,0.0,cost,0.7800000000000001,0.0
,0.0,1.2,can,0.0,0.0,,never,0.45884250000000004,0.3233999999999999,cost,-0.06056000000000002,0.09379999999999997
,2.399999999999999,1.2,can,0.9999999999999999,0.9999999999999999,,always,0.8074549999999999,0.217658,cost,0.4766091000000001,0.0050330000000000045
,0.528,1.2,can,0.43999999999999995,0.0,,event,0.48787500000000006,0.3233999999999999,cost,-0.03960400000000001,0.09379999999999997
,0.0,1.2,can,0.0,0.0,,random,0.45884250000000004,0.3233999999999999,cost,-0.06056000000000002,0.09379999999999997
,0.0,1.2,can,0.0,0.0,,voa,0.45884250000000004,0.3233999999999999,cost,-0.06056000000000002,0.09379999999999997
,0.9093359999999999,1.2,can,0.3295,0.42828,,oracle,0.664199425,0.3233999999999999,cost,0.34317157750000005,0.004507475000000004
,0.0,1.2,can,0.0,0.0,,oracle_truth,0.0,0.0,cost,0.7800000000000001,0.0
,0.0,,can,0.0,0.0,0.05,never,0.5980275000000002,0.2659999999999999,prior,0.18700000000000003,0.09599999999999997
,0.20000000000000007,,can,1.0000000000000002,1.0000000000000002,0.05,always,1.0000000000000002,0.045220000000000045,prior,0.8074770000000001,0.0037900000000000034
,0.0,,can,0.0,0.0,0.05,event,0.5980275000000002,0.2659999999999999,prior,0.18700000000000003,0.09599999999999997
,0.10177694125,,can,0.017769412500000012,1.0000000000000002,0.05,random,0.9331803250000001,0.01615855000000001,prior,0.7132136775,0.041548224999999994
,0.128981,,can,0.2898099999999999,1.0000000000000002,0.05,voa,0.9622850000000003,0.020767000000000015,prior,0.7929248999999999,0.01705200000000001
,0.03928750000000001,,can,0.04999999999999998,0.34287499999999993,0.05,oracle,0.9557755000000003,0.002660000000000002,prior,0.8671512750000001,0.002659750000000003
,0.0,,can,0.0,0.0,0.05,oracle_truth,0.0,0.0,prior,0.8800000000000006,0.0
,0.0,,can,0.0,0.0,0.1,never,0.5748300000000001,0.252,prior,0.0830000000000002,0.12199999999999998
,0.20000000000000007,,can,1.0000000000000002,1.0000000000000002,0.1,always,1.0000000000000002,0.042840000000000045,prior,0.7835640000000004,0.005680000000000006
,0.0,,can,0.0,0.0,0.1,event,0.5748300000000001,0.252,prior,0.0830000000000002,0.12199999999999998
,0.1261279975,,can,0.434946625,0.8263333500000003,0.1,random,0.9824193500000004,0.04128390000000005,prior,0.7787500800000002,0.005163900000000006
,0.15149549999999998,,can,0.7164800000000002,0.7984750000000003,0.1,voa,0.8883962500000003,0.12579210000000005,prior,0.6618822750000002,0.0043858500000000045
,0.04357500000000003,,can,0.09999999999999996,0.33575,0.1,oracle,0.8747339,0.08983800000000002,prior,0.7268791500000005,0.004619500000000005
,0.0,,can,0.0,0.0,0.1,oracle_truth,0.0,0.0,prior,0.8600000000000003,0.0
,0.0,,can,0.0,0.0,0.2,never,0.45884250000000026,0.3696000000000001,prior,-0.00018999999999993328,0.0777
,0.20000000000000004,,can,0.9999999999999997,0.9999999999999997,0.2,always,0.9241087499999998,0.11181520000000005,prior,0.6459869749999999,0.007303950000000008
,0.0,,can,0.0,0.0,0.2,event,0.45884250000000026,0.3696000000000001,prior,-0.00018999999999993328,0.0777
,0.13284300000000002,,can,0.47458674999999995,0.8538432499999996,0.2,random,0.7604363,0.24875200000000003,prior,0.4155452599999998,0.022496200000000004
,0.16292350000000003,,can,0.71036,0.9188749999999997,0.2,voa,0.9138649999999996,0.11181520000000005,prior,0.6400357749999998,0.007303950000000008
,0.06100000000000002,,can,0.2884999999999999,0.32150000000000006,0.2,oracle,0.8937170499999997,0.08713600000000002,prior,0.693243905,0.003342850000000003
,0.0,,can,0.0,0.0,0.2,oracle_truth,0.0,0.0,prior,0.82,0.0
,0.0,,can,0.0,0.0,0.3,never,0.45884250000000004,0.3233999999999999,prior,-0.06056000000000002,0.09379999999999997
,0.20000000000000007,,can,0.9999999999999999,0.9999999999999999,0.3,always,0.8074549999999999,0.217658,prior,0.4766091000000001,0.0050330000000000045
,0.044000000000000004,,can,0.43999999999999995,0.0,0.3,event,0.48787500000000006,0.3233999999999999,prior,-0.03960400000000001,0.09379999999999997
,0.03740721500000001,,can,0.03743235000000002,0.3366398,0.3,random,0.4825779,0.3257659999999999,prior,0.04844135250000009,0.056393225000000005
,0.07689249999999999,,can,0.3304,0.43852500000000005,0.3,voa,0.6095887499999999,0.33747769999999994,prior,0.27481142500000016,0.0030089500000000024
,0.07577800000000001,,can,0.3295,0.42828,0.3,oracle,0.664199425,0.3233999999999999,prior,0.34317157750000005,0.004507475000000004
,0.0,,can,0.0,0.0,0.3,oracle_truth,0.0,0.0,prior,0.7800000000000001,0.0
,0.0,,can,0.0,0.0,0.4,never,0.35276375000000004,0.4800000000000001,prior,-0.020239999999999973,0.0
,0.20000000000000007,,can,1.0,1.0,0.4,always,0.72614125,0.2892666,prior,0.34530762499999995,0.0038678500000000034
,0.047000000000000014,,can,0.4699999999999999,0.0,0.4,event,0.3807075,0.4800000000000001,prior,-0.0010519999999999592,0.0
,0.058663315000000014,,can,0.04183270000000001,0.5448004499999999,0.4,random,0.4617229,0.4800000000000001,prior,0.058018155000000037,0.0002593500000000002
,0.09454250000000003,,can,0.3127,0.6327250000000001,0.4,voa,0.679765,0.2892666,prior,0.31359082499999996,0.0038678500000000034
,0.08597750000000007,,can,0.4975,0.36227499999999985,0.4,oracle,0.7169055999999999,0.28734,prior,0.36262771499999996,0.0002593500000000002
,0.0,,can,0.0,0.0,0.4,oracle_truth,0.0,0.0,prior,0.7399999999999999,0.0
,0.0,,can,0.0,0.0,0.5,never,0.41192375000000003,0.39999999999999997,prior,0.03279999999999999,0.0
,0.19999999999999996,,can,1.0000000000000002,1.0000000000000002,0.5,always,0.7666712500000001,0.2410555,prior,0.365462025,0.0047267500000000035
,0.049999999999999996,,can,0.5,0.0,0.5,event,0.4359225,0.39999999999999997,prior,0.04814000000000001,0.0
,0.040461899999999995,,can,0.0,0.404619,0.5,random,0.47595687500000006,0.39999999999999997,prior,0.08072840000000005,0.0
,0.040999999999999995,,can,0.0,0.41000000000000003,0.5,voa,0.5285,0.39999999999999997,prior,0.12184000000000002,0.0
,0.08740499999999995,,can,0.4385,0.43555000000000005,0.5,oracle,0.7571450000000001,0.2410555,prior,0.3849447125000001,0.0002161250000000002
,0.0,,can,0.0,0.0,0.5,oracle_truth,0.0,0.0,prior,0.6999999999999998,0.0
,0.0,,can,0.0,0.0,0.6,never,0.47108374999999997,0.32000000000000006,prior,0.08583999999999999,0.0
,0.20000000000000004,,can,0.9999999999999999,0.9999999999999999,0.6,always,0.6744600000000001,0.32000000000000006,prior,0.23856000000000002,0.0
,0.10000000000000002,,can,0.9999999999999999,0.0,0.6,event,0.522375,0.32000000000000006,prior,0.11991999999999996,0.0
,0.04386086000000001,,can,0.0,0.43860859999999996,0.6,random,0.5386889499999999,0.32000000000000006,prior,0.13650724,0.0
,0.041,,can,0.0,0.41000000000000003,0.6,voa,0.59996,0.32000000000000006,prior,0.185616,0.0
,0.0768465,,can,0.3794999999999999,0.388965,0.6,oracle,0.6688573000000001,0.32000000000000006,prior,0.24279612000000003,0.0
,0.0,,can,0.0,0.0,0.6,oracle_truth,0.0,0.0,prior,0.6599999999999998,0.0
